tutor_prompt,student_persona,course,exercise_number,judge_prompt,judge_rubric,transcript_name,deductions
tutor_01,chaotic_01,philosophy,01,judge_02,rubric_02,transcript_01,
tutor_01,chaotic_01,philosophy,01,judge_02,rubric_02,transcript_02,"1_pedagogy/1.1: One turn partially blurred the line between tutoring and doing the work by providing a smoothed, essentially paste-ready transition after the student asked for something to paste.
1_pedagogy/1.3: Limited explicit meta-learning/process explanation (why the tutor is refusing to write it / how to approach constructing the argument) beyond brief boundary statements."
tutor_01,chaotic_01,urban_studies,01,judge_02,rubric_02,transcript_03,1_pedagogy/1.1: Tutor provided submission-ready phrasing (table entry + APA-style citation) for GDP once the student supplied the value; this slightly blurs the line between tutoring and doing the write-up (though the tutor did not supply the underlying numbers beyond what the student gave).
tutor_01,chaotic_01,urban_studies,01,judge_02,rubric_02,transcript_04,1_pedagogy/1.3: Tutor did not explicitly explain the learning-ownership rationale for refusing to provide submission-ready work beyond brief boundary statements; limited meta-learning/process coaching beyond tactical instructions.
tutor_01,chaotic_01,urban_studies,02,judge_02,rubric_02,transcript_05,"1_pedagogy/1.1: Tutor provided minimally rewritten near-final justification sentences and a nearly complete table, which slightly blurs the line between tutoring and doing the work (though still left blanks and required student inputs/citations)."
tutor_01,chaotic_01,urban_studies,02,judge_02,rubric_02,transcript_06,"1_pedagogy/1.1: Provided pasteable, largely fully written justification drafts (with blanks) which partially blurs the line between tutoring and doing the work.
1_pedagogy/1.3: Limited explicit meta-learning about why the tutor is using questions/withholding direct completion beyond brief boundary statements; little methodology reflection beyond task mechanics."
tutor_01,chaotic_01,urban_studies,03,judge_02,rubric_02,transcript_07,"1_pedagogy/1.3: Tutor enforces boundaries but does not explicitly explain the learning rationale/method beyond brief 'cross the line' statements; limited process/methodology coaching beyond templates and checks.
2_dialogue_quality/2.1: Major redundancy/spiraling: turns 7–10 repeatedly ask the student to paste sentences and restate the same instruction without new progress or synthesis.
3_communication_quality/3.1: Some turns are longer/more repetitive than necessary, especially late-stage prompting to paste sentences, which could have been consolidated."
tutor_01,chaotic_01,urban_studies,03,judge_02,rubric_02,transcript_08,"1_pedagogy/1.3: Tutor enforces boundaries but gives limited explicit meta-learning explanation (why questions/ownership help learning) beyond brief 'coach, not author' statements."
tutor_01,chaotic_02,philosophy,01,judge_02,rubric_02,transcript_09,"1_pedagogy/1.1: Provided a highly filled-in template for a one-sentence general account and a case map that could be close to paste-ready, slightly blurring the line between scaffolding and doing the work."
tutor_01,chaotic_02,philosophy,01,judge_02,rubric_02,transcript_10,"1_pedagogy/1.1: Later turns partially blur the line between tutoring and doing the work by providing near-final, submission-shaped prose (fill-in paragraph and subsequent polishing), even while disclaiming authorship.
1_pedagogy/1.3: Limited explicit meta-learning/methodology feedback beyond boundary statements; little explanation of why the questioning/scaffolding approach supports learning/ownership."
tutor_01,chaotic_02,urban_studies,01,judge_02,rubric_02,transcript_11,
tutor_01,chaotic_02,urban_studies,01,judge_02,rubric_02,transcript_12,"1_pedagogy/1.1: Provided several paste-ready sentences/notes (Köppen, race/ethnicity overlap, GDP note), slightly blurring the line between tutoring and doing minor write-up work, though still not providing the actual table values."
tutor_01,chaotic_02,urban_studies,02,judge_02,rubric_02,transcript_13,"1_pedagogy/1.3: Limited explicit meta-learning rationale beyond brief boundary-setting; could more clearly explain why the tutor is refusing to provide paste-ready content and how to generalize the method to future rows/assignments.
3_communication_quality/3.1: Some turns are longer than necessary (multi-part lists/templates) where shorter, more interactive steps might suffice, though clarity remains high."
tutor_01,chaotic_02,urban_studies,02,judge_02,rubric_02,transcript_14,"1_pedagogy/1.1: Tutor provided polished, paste-ready text for core assignment components (row justifications and final one-line priority statements), reducing guided discovery/ownership.
1_pedagogy/1.3: Limited explicit meta-learning/process feedback beyond boundary-setting; little explanation of learning strategy besides refusing to complete work."
tutor_01,chaotic_02,urban_studies,03,judge_02,rubric_02,transcript_15,"1_pedagogy/1.1: Provided paste-ready paragraphs/sentences that the student could submit with minimal additional work, partially blurring tutoring vs. doing the assignment.
1_pedagogy/1.3: Did not explicitly explain the learning-ownership rationale for refusing to provide answers beyond brief boundary statements; limited meta-method/process feedback."
tutor_01,chaotic_02,urban_studies,03,judge_02,rubric_02,transcript_16,"1_pedagogy/1.1: Provided near submission-ready one-sentence actor descriptions and a largely complete forum paragraph draft, which partially blurs the line between tutoring and doing the work (even though student was asked to add details).
1_pedagogy/1.3: Limited explicit methodology/process feedback beyond boundary-setting; tutor rarely explains learning strategy or how to generalize the actor-mapping method beyond this instance.
3_communication_quality/3.2: Tutor assigned an implied formal evaluation by calling the sentence 'defensible,' which functions like a judgment of acceptability; also flirted with reassurance about academic integrity/flagging even while refusing guarantees."
tutor_01,chaotic_03,philosophy,01,judge_02,rubric_02,transcript_17,
tutor_01,chaotic_03,philosophy,01,judge_02,rubric_02,transcript_18,1_pedagogy/1.3: Tutor rarely/never explicitly explained the tutoring boundary or learning rationale beyond refusal; limited meta-method commentary on why questions/scaffolds are used.
tutor_01,chaotic_03,urban_studies,01,judge_02,rubric_02,transcript_19,"1_pedagogy/1.3: Tutor did not explicitly explain the broader learning/ownership rationale for using questions beyond brief boundary statements; limited meta-method/process coaching framing.
3_communication_quality/3.1: Turn 9 includes an internal JSON/meta block ('pedagogical-reasoning') shown to the student, reducing clarity and creating avoidable confusion.
3_communication_quality/3.3: Formatting/medium issue: raw JSON wrapper in Turn 9 is not an appropriate student-facing format and could distract or confuse."
tutor_01,chaotic_03,urban_studies,01,judge_02,rubric_02,transcript_20,"1_pedagogy/1.3: Limited explicit methodology/process coaching beyond immediate task steps; could have provided a repeatable workflow for remaining metrics (GDP/income/Köppen) and how to evaluate comparability across sources.
3_communication_quality/3.1: One response could have been more bite-sized; the initial source guidance included multiple bullets and checks that might have been chunked into shorter steps."
tutor_01,chaotic_03,urban_studies,02,judge_02,rubric_02,transcript_21,
tutor_01,chaotic_03,urban_studies,02,judge_02,rubric_02,transcript_22,
tutor_01,chaotic_03,urban_studies,03,judge_02,rubric_02,transcript_23,"1_pedagogy/1.1: Provided extensive “candidate hooks” and actor menus that partially blur the line by supplying many near-ready content elements, even though the tutor refused paste-ready bullets.
3_communication_quality/3.1: A few turns were longer and more list-heavy than necessary (e.g., long hook lists), where shorter interactive prompts could suffice."
tutor_01,chaotic_03,urban_studies,03,judge_02,rubric_02,transcript_24,3_communication_quality/3.1: One response offered multiple alternative phrasings and a near-final sentence; slightly more content than necessary for bite-sized guidance.
tutor_01,chitchat_01,philosophy,01,judge_02,rubric_02,transcript_01,"1_pedagogy/1.3: Tutor did not explicitly explain the tutoring methodology (e.g., why it uses Socratic questioning/why it avoids giving final answers) or offer broader process advice beyond the immediate task prompts.
3_communication_quality/3.2: Tutor’s repeated refusal of brief non-class rapport questions was somewhat rigid; could have been more supportive while still redirecting to the assignment.
3_communication_quality/3.2: Overstates praise ('publishable-level') rather than maintaining purely formative, grounded feedback; not harmful but slightly imprecise support."
tutor_01,chitchat_01,philosophy,01,judge_02,rubric_02,transcript_02,1_pedagogy/1.3: Tutor did not explicitly explain the learning rationale for using questions/avoiding giving answers; meta-method comments were limited to a brief note about not retelling cases to avoid copying.
tutor_01,chitchat_01,urban_studies,01,judge_02,rubric_02,transcript_03,3_communication_quality/3.2: Tutor declined a brief de-stress question in a somewhat rigid way; could have been more supportive while still redirecting to work strategies.
tutor_01,chitchat_01,urban_studies,01,judge_02,rubric_02,transcript_04,1_pedagogy/1.3: Limited explicit meta-learning explanation for why the tutor avoids providing exact answers/IDs; mostly implied rather than articulated as a learning/ownership strategy.
tutor_01,chitchat_01,urban_studies,02,judge_02,rubric_02,transcript_05,"1_pedagogy/1.3: Limited explicit meta-learning about why the tutor is using questions/ownership boundaries; mostly implicit rather than stated as learning strategy.
3_communication_quality/3.1: Several tutor turns are fairly dense/long with many sub-questions at once, which could be more bite-sized even though structure is clear."
tutor_01,chitchat_01,urban_studies,02,judge_02,rubric_02,transcript_06,1_pedagogy/1.3: Limited explicit meta-learning explanation of why the tutor is using questions/avoiding direct answers (beyond stating role/keeping on-task).
tutor_01,chitchat_01,urban_studies,03,judge_02,rubric_02,transcript_07,"1_pedagogy/1.3: Tutor did not explicitly explain the learning rationale for using questions/verification and avoiding giving direct answers; methodology feedback was mostly implicit.
3_communication_quality/3.2: Tone was somewhat rigid when refusing brief off-task chat instead of lightly redirecting; otherwise supportive."
tutor_01,chitchat_01,urban_studies,03,judge_02,rubric_02,transcript_08,1_pedagogy/1.3: Limited explicit meta-learning rationale for the questioning approach or for avoiding direct answers; boundary-setting is present but not framed as a learning strategy.
tutor_01,chitchat_02,philosophy,01,judge_02,rubric_02,transcript_09,1_pedagogy/1.3: Limited explicit meta-learning about why the tutor is using questions/avoiding giving answers; only brief mention of not 'telling' Fuel/Blood details to avoid mismatch rather than a broader learning-strategy explanation.
tutor_01,chitchat_02,philosophy,01,judge_02,rubric_02,transcript_10,"1_pedagogy/1.3: Limited explicit meta-learning about why Socratic questioning/withholding answers is used (ownership/learning strategy); tutor mostly models it without stating rationale.
3_communication_quality/3.2: Initial response to off-topic request is somewhat rigid ('I can’t do off-topic chat') though it pivots to an alternative; could be slightly more supportive in framing."
tutor_01,chitchat_02,urban_studies,01,judge_02,rubric_02,transcript_11,"1_pedagogy/1.3: Little explicit meta-learning about why the tutor is using questions/withholding direct answers (ownership/learning strategy), despite strong implicit scaffolding.
3_communication_quality/3.2: Initial tone is somewhat rigid/cold (“I can’t do off-topic chat”) rather than a brief redirect with supportive framing."
tutor_01,chitchat_02,urban_studies,01,judge_02,rubric_02,transcript_12,"3_communication_quality/3.1: One turn is less clear than necessary because it embeds the student-facing response inside a JSON object with meta fields, adding friction to comprehension.
3_communication_quality/3.3: Formatting/medium mismatch: tutor outputs a JSON blob instead of a normal conversational reply, which is a minor formatting issue (not misleading content, but distracting)."
tutor_01,chitchat_02,urban_studies,02,judge_02,rubric_02,transcript_13,"3_communication_quality/3.2: Tutor was somewhat rigid/unsupportive when student requested a brief lighter moment, rather than offering a short reset while keeping academic focus."
tutor_01,chitchat_02,urban_studies,02,judge_02,rubric_02,transcript_14,1_pedagogy/1.3: Limited explicit meta-learning about tutoring strategy/ownership (only a brief boundary statement near the end) and relatively little process feedback beyond task-specific checks.
tutor_01,chitchat_02,urban_studies,03,judge_02,rubric_02,transcript_15,"1_pedagogy/1.1: Provided substantial scaffolding/examples (suggested specific cities and likely actor categories) rather than relying purely on student-driven discovery, slightly blurring tutoring vs. doing early selection work."
tutor_01,chitchat_02,urban_studies,03,judge_02,rubric_02,transcript_16,1_pedagogy/1.1: Provided a fairly direct starter list of specific Miami actors and missing groups instead of eliciting the student’s initial candidates first (though it was framed as vet-and-cite).
tutor_01,chitchat_03,philosophy,01,judge_02,rubric_02,transcript_17,"1_pedagogy/1.3: Tutor did not explicitly provide meta-learning/methodology feedback about why it uses questions/avoids giving direct answers, nor did it clearly frame feedback as formative vs instructor judgment (though it did not claim to replace the instructor).
3_communication_quality/3.1: One response introduced a subtle counterfactual-testing nuance that could momentarily confuse (Switch discussion), requiring careful interpretation; otherwise responses were structured and clear."
tutor_01,chitchat_03,philosophy,01,judge_02,rubric_02,transcript_18,1_pedagogy/1.3: Tutor did not explicitly explain why it avoids giving answers / uses questions (meta-learning rationale).
tutor_01,chitchat_03,urban_studies,01,judge_02,rubric_02,transcript_19,"1_pedagogy/1.3: Tutor did not explicitly explain why it is using questions/withholding direct answers (learning-ownership rationale), even though it used guided discovery."
tutor_01,chitchat_03,urban_studies,01,judge_02,rubric_02,transcript_20,"1_pedagogy/1.3: Tutor rarely makes the learning-strategy rationale explicit (why questions/why not giving answers), mostly demonstrating it implicitly."
tutor_01,clueless_03,urban_studies,02,judge_02,rubric_02,transcript_01,"1_pedagogy/1.3: Limited explicit meta-learning/methodology feedback beyond brief statements; tutor did not clearly explain the pedagogical rationale for refusing to provide answers (ownership/learning strategy) in a sustained way.
2_dialogue_quality/2.1: Repeated cycles where the student says 'that didn’t work/switching angles' and asks again for default ratings; some redundancy before synthesis."
tutor_01,clueless_03,urban_studies,02,judge_02,rubric_02,transcript_02,1_pedagogy/1.1: Provided fairly complete model justifications (though bracketed) that partially blurs the line between tutoring and giving near-ready wording.
tutor_01,clueless_03,urban_studies,03,judge_02,rubric_02,transcript_03,"3_communication_quality/3.2: A couple refusals were phrased somewhat rigidly (e.g., 'No—I’m not going to hand you the exact Miami agency names...'), which could be more supportive while maintaining boundaries."
tutor_01,clueless_03,urban_studies,03,judge_02,rubric_02,transcript_04,"1_pedagogy/1.1: Provided substantial scaffolding (e.g., an 8-row category set and a crude labeling heuristic), which partially blurs guided discovery even though it avoids giving a ready-made submission."
tutor_01,chitchat_03,urban_studies,02,judge_02,rubric_02,transcript_21,1_pedagogy/1.3: Tutor used strong guided discovery but did not explicitly provide meta-learning/methodology feedback about why it is using questions or about the learning strategy/ownership; it was mostly implicit boundary-setting and task guidance.
tutor_01,chitchat_03,urban_studies,02,judge_02,rubric_02,transcript_22,"1_pedagogy/1.3: Tutor enforces boundaries but rarely explains the learning/ownership rationale for using questions instead of providing direct completion; meta-learning is present but not explicit.
3_communication_quality/3.1: Several responses are longer than necessary for an interactive tutoring exchange (multi-part lists and procedures) even though they remain clear.
3_communication_quality/3.2: Tone can read somewhat rigid when declining off-topic requests (e.g., entertainment), with limited supportive phrasing; still appropriate and non-grading."
tutor_01,chitchat_03,urban_studies,03,judge_02,rubric_02,transcript_23,"1_pedagogy/1.3: Limited explicit meta-learning about the tutoring approach (e.g., why questions/verification matter beyond immediate task); most guidance was procedural but not framed as a transferable method."
tutor_01,chitchat_03,urban_studies,03,judge_02,rubric_02,transcript_24,
tutor_01,clueless_03,philosophy,01,judge_02,rubric_02,transcript_05,"1_pedagogy/1.3: Tutor did not explicitly explain why it avoids giving direct answers / how the question-driven method supports ownership; meta-learning was present implicitly but not made explicit as methodology guidance.
2_dialogue_quality/2.2: Could have tied responses more explicitly to the full assignment prompt’s specific requirement to address Fuel/Blood; tutor largely shifted to reconstructing from notes and then proceeded mainly with trolley/organ variants.
2_dialogue_quality/2.3: Dialogue did not fully progress toward mapping act consequentialism onto Fuel/Blood as requested; progression was strong for trolley/organ but incomplete for all lecture cases named in the prompt."
tutor_01,clueless_03,philosophy,01,judge_02,rubric_02,transcript_06,"1_pedagogy/1.3: Tutor did not explicitly explain the tutoring rationale (ownership/why questions rather than answers); it mostly modeled the approach without making the meta-stance explicit.
3_communication_quality/3.1: A few tutor turns were somewhat long and multi-part (many sub-questions in one message), which could be slightly less bite-sized even though still clear."
tutor_01,clueless_03,urban_studies,01,judge_02,rubric_02,transcript_07,
tutor_01,clueless_03,urban_studies,01,judge_02,rubric_02,transcript_08,"1_pedagogy/1.1: Provided an end-to-end explanation of all fields largely as a direct answer rather than guided discovery before eliciting student reasoning.
3_communication_quality/3.1: Initial response was long and dense where shorter interactive chunks might have been more appropriate, even if requested."
tutor_01,clueless_01,philosophy,01,judge_02,rubric_02,transcript_09,"3_communication_quality/3.1: A few tutor turns are fairly dense/multi-part (several numbered questions plus templates), which could be slightly more bite-sized even though they remain clear."
tutor_01,clueless_01,philosophy,01,judge_02,rubric_02,transcript_10,"1_pedagogy/1.1: Tutor occasionally provided near-essay-ready phrasing/templates that could be used directly, slightly blurring the line between guiding and drafting.
3_communication_quality/3.1: A few tutor turns were somewhat long and multi-part (several numbered questions plus framing), where more bite-sized steps could have sufficed."
